Status,Title,Link,ImageURL,Caption
POSTED,Túi xách / Đeo vai Thule Subterra MacBook Attaché,https://lucas.vn/san-pham/tui-xach-deo-vai-thule-subterra-macbook-attache,https://lucas.vn/wp-content/uploads/2026/06/Thule-Subterra-MacBook-Attache-1.png,"Dân văn phòng hay di chuyển thì không thể bỏ qua cái này! 💼 Túi Thule Subterra MacBook Attaché thiết kế gọn gàng, sang trọng, bảo vệ MacBook của bạn khỏi va đập tối đa trong mọi hành trình. Ngăn đựng thông minh, đeo vai siêu thoải mái, vừa chuyên nghiệp vừa tiện dụng cho cả ngày dài bận rộn. ✨ Đừng để chiếc MacBook xịn của bạn nằm trong một chiếc túi tầm thường, nâng cấp ngay hôm nay! 🛒

#LucasVN #PhuKienApple #ThuleSubterra #TuiXachMacBook #PhongCachVanPhong"
APPROVED,Túi chống sốc Thule Subterra MacBook Sleeve,https://lucas.vn/san-pham/tui-chong-soc-thule-subterra-macbook-sleeve,https://lucas.vn/wp-content/uploads/2026/06/Thule-Subterra-MacBook-Sleeve-1.png,"Bảo vệ MacBook của bạn toàn diện với Túi chống sốc Thule Subterra - người bạn đồng hành hoàn hảo cho dân văn phòng và các tín đồ công nghệ! 💻 Chất liệu cao cấp, lớp đệm dày dặn giúp chống va đập cực tốt, giữ máy luôn an toàn dù bạn di chuyển liên tục. Thiết kế mỏng nhẹ, sang trọng, dễ dàng cho vào balo hay cầm tay đi làm mỗi ngày. Đừng để một cú va chạm nhỏ làm hỏng chiếc MacBook đắt tiền của bạn - đầu tư ngay hôm nay trước khi hối hận! 🛡️

#LucasVN #PhuKienApple #ThuleSubterra #TuiChongSoc #MacBookAccessories"
APPROVED,Balo Thule AllTrail Daypack,https://lucas.vn/san-pham/balo-thule-alltrail-daypack,https://lucas.vn/wp-content/uploads/2026/06/Thule-AllTrail-Daypack-1.png,"Đang tìm một chiếc balo vừa xịn vừa chắc để đồng hành trên mọi cung đường? 🎒 Balo Thule AllTrail Daypack chính là lựa chọn hoàn hảo với thiết kế thông minh, ngăn chứa rộng rãi và chất liệu bền bỉ chịu được mọi điều kiện thời tiết. Dù leo núi, phượt xa hay đơn giản là đi làm hằng ngày, chiếc balo này đều đáp ứng cực tốt. Đừng để chuyến đi tiếp theo của bạn thiếu đi người bạn đồng hành đáng tin cậy này nhé! ✅

#ThuleAllTrail #BaloThule #BaloPhượt #OutdoorGear 🏔️"
APPROVED,Túi Phụ Kiện Du Lịch Thule Subterra 2 PowerShuttle Mini,https://lucas.vn/san-pham/tui-phu-kien-du-lich-thule-subterra-2-powershuttle-mini,https://lucas.vn/wp-content/uploads/2026/06/Thule-Subterra-2-PowerShuttle-Mini-1.png,"Đựng cáp, sạc, tai nghe, pin dự phòng... tất cả gọn gàng trong một chiếc túi nhỏ xinh mà vẫn dễ tìm, dễ lấy mỗi khi cần 🎒 Thule Subterra 2 PowerShuttle Mini được làm từ chất liệu cao cấp, thiết kế thông minh với nhiều ngăn chia tiện lợi, xứng đáng là người bạn đồng hành không thể thiếu trong mỗi chuyến đi. Đừng để hành lý lộn xộn làm hỏng chuyến du lịch của bạn nữa ✈️ Inbox ngay hôm nay để được tư vấn và nhận ưu đãi tốt nhất!

#Thule #ThuleSubterra2 #TuiDuLich #PhuKienDuLich #TravelAccessories 🌍"
APPROVED,Balo Thule Landmark,https://lucas.vn/san-pham/balo-thule-landmark,https://lucas.vn/wp-content/uploads/2026/06/Thule-Landmark-2.png,"Balo Thule Landmark - người bạn đồng hành lý tưởng cho mọi chuyến đi! 🎒 Thiết kế thông minh với nhiều ngăn tiện lợi, chất liệu cao cấp chống nước tốt, bảo vệ đồ dùng của bạn trong mọi điều kiện thời tiết. Dù là leo núi, du lịch hay đi làm hằng ngày, chiếc balo này đều đáp ứng hoàn hảo mọi nhu cầu của bạn. ✈️ Đừng bỏ lỡ - số lượng có hạn, inbox ngay hôm nay để được tư vấn và nhận ưu đãi tốt nhất! 🔥

#ThuleLandmark #BaloThule #BaloChinhHang #PhuKienDuLich"
PENDING,Balo Thule Aion Travel Backpack,https://lucas.vn/san-pham/balo-thule-aion-travel-backpack,https://lucas.vn/wp-content/uploads/2026/06/Thule-Aion-Travel-Backpack-1.png,"Đang tìm một chiếc balo vừa xịn vừa đi được mọi nơi? 🎒 Balo Thule Aion Travel Backpack chính là người bạn đồng hành hoàn hảo cho mọi chuyến đi - thiết kế thông minh, ngăn chứa laptop riêng biệt, chống nước tốt và cực kỳ thoải mái khi đeo cả ngày dài. Dù là đi làm, đi du lịch hay lên máy bay, chiếc balo này đều xử lý gọn hết! ✈️ Số lượng có hạn, đừng để lỡ tay nhé! 🔥

#ThuleAion #BaloThule #BaloTravel #PhuKienXin"
PENDING,Balo Thule Subterra 2 Convertible Carry-On,https://lucas.vn/san-pham/balo-thule-subterra-2-convertible-carry-on,https://lucas.vn/wp-content/uploads/2026/06/Thule-Subterra-2-Convertible-Carry-On-1.png,"Đi công tác hay du lịch mà chỉ cần một chiếc túi duy nhất? Balo Thule Subterra 2 Convertible Carry-On chính là người bạn đồng hành hoàn hảo - vừa là balo đeo vai, vừa chuyển thành vali kéo trong tích tắc! ✈️ Thiết kế thông minh với ngăn chứa rộng rãi, chất liệu bền bỉ, đạt chuẩn hành lý xách tay lên máy bay - tiết kiệm tối đa chi phí và thời gian. 🎒 Đừng để những chuyến đi bị làm khó bởi hành lý cồng kềnh, đặt ngay hôm nay trước khi hết hàng! 🔥

#ThuleSubterra2 #BaloThule #HanhLyXachTay #DuLichTienLoi"
PENDING,Balo Thule Subterra 2 Travel Backpack 26L,https://lucas.vn/san-pham/balo-thule-subterra-2-travel-backpack-26l,https://lucas.vn/wp-content/uploads/2026/06/Thule-Subterra-2-Travel-Backpack-26L-1.png,"Đang tìm một chiếc balo vừa xịn vừa đủ dùng cho mọi chuyến đi? 🎒 Balo Thule Subterra 2 Travel Backpack 26L chính là câu trả lời - thiết kế thông minh với nhiều ngăn tiện dụng, chất liệu cao cấp bền bỉ, đủ sức chứa đồ cho cả chuyến công tác lẫn du lịch cuối tuần. Nhẹ nhàng trên vai, gọn gàng trong từng hành trình, đây là người bạn đồng hành mà bạn không nên bỏ lỡ! ✈️ Inbox ngay hôm nay để được tư vấn và nhận ưu đãi tốt nhất nhé! 🔥

#ThuleSubterra2 #BaloThule #BaloTravel #PhongCachDuLich"
PENDING,Balo Thule Paramount Commuter Backpack,https://lucas.vn/san-pham/balo-thule-paramount-commuter-backpack,https://lucas.vn/wp-content/uploads/2026/06/Thule-Paramount-Commuter-Backpack-1.png,"Đang tìm một chiếc balo vừa xịn vừa tiện cho hành trình đi làm mỗi ngày? 🎒 Balo Thule Paramount Commuter Backpack chính là người bạn đồng hành lý tưởng — thiết kế thông minh với nhiều ngăn chứa đồ, chất liệu bền bỉ chống nước, ôm lưng cực thoải mái dù đi xe máy hay đi bộ cả ngày dài. Đừng để một chiếc balo kém chất lượng làm hỏng ngày của bạn — đầu tư một lần, dùng mãi về sau! ✅

#Thule #ThuleParamount #BaloThule #BaloChấtLượng #BaloĐiLàm"
PENDING,Balo Thule Chasm Recycled Backpack 26L,https://lucas.vn/san-pham/balo-thule-chasm-recycled-backpack-26l,https://lucas.vn/wp-content/uploads/2026/06/Thule-Chasm-Recycled-Backpack-3.png,"Balo Thule Chasm 26L - người bạn đồng hành hoàn hảo cho mọi chuyến đi! 🎒 Được làm từ chất liệu tái chế cao cấp, balo không chỉ bền bỉ chịu được mọi điều kiện thời tiết mà còn thể hiện lối sống xanh có trách nhiệm. Dung tích 26L rộng rãi, thiết kế thông minh với nhiều ngăn tiện dụng giúp bạn sắp xếp đồ gọn gàng dù là đi làm, du lịch hay leo núi. 🌍 Đừng bỏ lỡ cơ hội sở hữu chiếc balo đẳng cấp này - inbox ngay hôm nay để được tư vấn và nhận ưu đãi tốt nhất! 🔥

#ThuleChasm #BaloThule #BaloChấtLượngCao #PhongCáchSốngXanh"
PENDING,Balo Thule Accent Recycled Convertible,https://lucas.vn/san-pham/balo-thule-accent-recycled-convertible,https://lucas.vn/wp-content/uploads/2026/06/Thule-Accent-Recycled-Convertible-1.png,"Chiếc balo Thule Accent Recycled Convertible này đúng là ""thần thánh"" cho dân văn phòng và du lịch luôn! 🎒 Thiết kế convertible linh hoạt, có thể đeo vai hoặc xách tay tùy hoàn cảnh, đi làm hay đi chơi đều chill. Chất liệu tái chế cao cấp vừa bền vừa thân thiện môi trường, tha hồ flex mà vẫn có tâm. Còn chần chừ gì nữa, inbox ngay để được tư vấn và chốt đơn nhanh nhé! 🌿

#ThuleBalo #BaloThule #ThuleAccent #BaloChấtLượng #BaloVănPhòng #BaloThờiTrang"
PENDING,Balo Thule Construct Backpack,https://lucas.vn/san-pham/balo-thule-construct-backpack,https://lucas.vn/wp-content/uploads/2026/06/Thule-Construct-Backpack-28L-2.png,"Balo Thule Construct Backpack - người bạn đồng hành lý tưởng cho dân công sở và tín đồ du lịch! 🎒 Thiết kế thông minh với ngăn chứa laptop riêng biệt, chất liệu cao cấp bền bỉ theo năm tháng, giúp bạn thoải mái mang theo mọi thứ cần thiết mà không lo đau vai hay mỏi lưng. Đừng để một chiếc balo kém chất lượng làm hỏng cả ngày dài của bạn - đầu tư một lần, dùng mãi mãi! 💼 Inbox ngay hôm nay để được tư vấn và nhận ưu đãi tốt nhất! 🔥

#ThuleConstruct #BaloThule #BaloCaoCap #PhongCachHienDai"
PENDING,Balo Thule Crossover 2 Backpack,https://lucas.vn/san-pham/balo-thule-crossover-2-backpack,https://lucas.vn/wp-content/uploads/2026/06/Thule-Crossover-2-Backpack-30L-1.png,"Balo Thule Crossover 2 - người bạn đồng hành hoàn hảo cho dân văn phòng và tín đồ du lịch! 🎒 Thiết kế thông minh với ngăn chứa laptop riêng biệt, chất liệu cao cấp chống nước tuyệt vời, giúp bạn tự tin mang theo mọi thứ cần thiết mà không lo hỏng hóc. Êm vai, bền đẹp, sang trọng - xứng đáng từng đồng bạn bỏ ra! ✨ Số lượng có hạn, inbox ngay hôm nay để được tư vấn và nhận ưu đãi tốt nhất nhé! 🔥

#ThuleCrossover2 #BaloThule #BaloChốngNước #BaloVănPhòng #BaloDuLịch"
PENDING,Balo Thule EnRoute Travel Backpack 30L,https://lucas.vn/san-pham/balo-thule-enroute-travel-backpack-30l,https://lucas.vn/wp-content/uploads/2026/06/Thule-EnRoute-Travel-Backpack-30L-9.png,"Đựng vừa laptop 16"", chia ngăn thông minh, chống nước chuẩn xịn — Balo Thule EnRoute 30L là người bạn đồng hành hoàn hảo cho mọi chuyến đi dù là công tác hay du lịch! 🎒 Thiết kế tối giản nhưng cực kỳ chắc chắn, đeo cả ngày không mỏi lưng nhờ hệ thống đệm vai cao cấp. Dung tích 30L rộng rãi nhưng vẫn gọn gàng, vừa vặn tiêu chuẩn hành lý xách tay máy bay. Còn chần chừ gì nữa, inbox ngay hôm nay để sở hữu chiếc balo xứng tầm với phong cách của bạn! ✈️

#ThuleEnRoute #BaloThule #BaloChongNuoc #BaloDuLich #BaloLaptop 🔥"
